day,hour,date,day_of_week,registered,casual,total,temperature,rain_mm3,rain,windspeed
2018-09-01,1,2018-09-01 01:00:00+02:00,Saturday,474,17,491,25.2,0.0,0.0,0.95
2018-09-01,2,2018-09-01 02:00:00+02:00,Saturday,369,3,372,24.3,0.0,0.0,0.95
2018-09-01,3,2018-09-01 03:00:00+02:00,Saturday,290,2,292,22.9,0.0,0.0,0.95
2018-09-01,4,2018-09-01 04:00:00+02:00,Saturday,208,2,210,22.6,0.0,0.0,0.95
2018-09-01,5,2018-09-01 05:00:00+02:00,Saturday,152,1,153,21.9,0.0,0.0,0.95
2018-09-01,6,2018-09-01 06:00:00+02:00,Saturday,127,2,129,21.4,0.0,0.0,0.95
2018-09-01,7,2018-09-01 07:00:00+02:00,Saturday,101,1,102,21.0,0.0,0.0,0.95
2018-09-01,8,2018-09-01 08:00:00+02:00,Saturday,142,1,143,20.6,0.0,0.0,0.95
2018-09-01,9,2018-09-01 09:00:00+02:00,Saturday,237,0,237,22.0,0.0,0.0,0.95
2018-09-01,10,2018-09-01 10:00:00+02:00,Saturday,290,9,299,24.5,0.0,0.0,0.95
2018-09-01,11,2018-09-01 11:00:00+02:00,Saturday,389,21,410,26.7,0.0,0.0,0.95
2018-09-01,12,2018-09-01 12:00:00+02:00,Saturday,474,25,499,27.7,0.0,0.0,0.95
2018-09-01,13,2018-09-01 13:00:00+02:00,Saturday,490,21,511,29.2,0.0,0.0,0.95
2018-09-01,14,2018-09-01 14:00:00+02:00,Saturday,460,14,474,30.6,0.0,0.0,0.95
2018-09-01,15,2018-09-01 15:00:00+02:00,Saturday,352,10,362,32.7,0.0,0.0,0.95
2018-09-01,16,2018-09-01 16:00:00+02:00,Saturday,452,19,471,34.6,0.0,0.0,0.95
2018-09-01,17,2018-09-01 17:00:00+02:00,Saturday,486,24,510,34.7,0.0,0.0,0.95
2018-09-01,18,2018-09-01 18:00:00+02:00,Saturday,475,18,493,34.3,0.0,0.0,0.95
2018-09-01,19,2018-09-01 19:00:00+02:00,Saturday,656,22,678,34.0,0.0,0.0,0.95
2018-09-01,20,2018-09-01 20:00:00+02:00,Saturday,688,17,705,32.3,0.0,0.0,0.95
2018-09-01,21,2018-09-01 21:00:00+02:00,Saturday,599,13,612,28.5,0.0,0.0,0.95
2018-09-01,22,2018-09-01 22:00:00+02:00,Saturday,494,11,505,25.9,0.0,0.0,0.95
2018-09-01,23,2018-09-01 23:00:00+02:00,Saturday,413,23,436,24.9,0.0,0.0,0.95
2018-09-02,0,2018-09-02 00:00:00+02:00,Sunday,470,6,476,24.3,0.0,0.0,1.7
2018-09-02,1,2018-09-02 01:00:00+02:00,Sunday,448,9,457,25.3,0.0,0.0,1.7
2018-09-02,2,2018-09-02 02:00:00+02:00,Sunday,357,0,357,26.2,0.0,0.0,1.7
2018-09-02,3,2018-09-02 03:00:00+02:00,Sunday,241,2,243,24.7,0.0,0.0,1.7
2018-09-02,4,2018-09-02 04:00:00+02:00,Sunday,176,5,181,23.6,0.0,0.0,1.7
2018-09-02,5,2018-09-02 05:00:00+02:00,Sunday,164,1,165,23.0,0.0,0.0,1.7
2018-09-02,6,2018-09-02 06:00:00+02:00,Sunday,149,3,152,22.5,0.0,0.0,1.7
2018-09-02,7,2018-09-02 07:00:00+02:00,Sunday,85,0,85,22.2,0.0,0.0,1.7
2018-09-02,8,2018-09-02 08:00:00+02:00,Sunday,112,8,120,22.5,0.0,0.0,1.7
2018-09-02,9,2018-09-02 09:00:00+02:00,Sunday,151,2,153,23.6,0.0,0.0,1.7
2018-09-02,10,2018-09-02 10:00:00+02:00,Sunday,272,11,283,26.0,0.0,0.0,1.7
2018-09-02,11,2018-09-02 11:00:00+02:00,Sunday,354,31,385,28.2,0.0,0.0,1.7
2018-09-02,12,2018-09-02 12:00:00+02:00,Sunday,460,35,495,28.4,0.0,0.0,1.7
2018-09-02,13,2018-09-02 13:00:00+02:00,Sunday,475,24,499,31.2,0.0,0.0,1.7
2018-09-02,14,2018-09-02 14:00:00+02:00,Sunday,464,27,491,32.1,0.0,0.0,1.7
2018-09-02,15,2018-09-02 15:00:00+02:00,Sunday,372,19,391,33.7,0.0,0.0,1.7
2018-09-02,16,2018-09-02 16:00:00+02:00,Sunday,412,12,424,37.2,0.0,0.0,1.7
2018-09-02,17,2018-09-02 17:00:00+02:00,Sunday,421,39,460,37.2,0.0,0.0,1.7
2018-09-02,18,2018-09-02 18:00:00+02:00,Sunday,557,23,580,36.0,0.0,0.0,1.7
2018-09-02,19,2018-09-02 19:00:00+02:00,Sunday,636,28,664,35.4,0.0,0.0,1.7
2018-09-02,20,2018-09-02 20:00:00+02:00,Sunday,679,11,690,33.3,0.0,0.0,1.7
2018-09-02,21,2018-09-02 21:00:00+02:00,Sunday,565,25,590,29.5,0.0,0.0,1.7
2018-09-02,22,2018-09-02 22:00:00+02:00,Sunday,413,11,424,27.4,0.0,0.0,1.7
2018-09-02,23,2018-09-02 23:00:00+02:00,Sunday,373,4,377,26.9,0.0,0.0,1.7
2018-09-03,0,2018-09-03 00:00:00+02:00,Monday,250,4,254,25.3,0.0,0.0,1.7
2018-09-03,1,2018-09-03 01:00:00+02:00,Monday,157,4,161,24.6,0.0,0.0,1.7
2018-09-03,2,2018-09-03 02:00:00+02:00,Monday,95,0,95,23.6,0.0,0.0,1.7
2018-09-03,3,2018-09-03 03:00:00+02:00,Monday,64,0,64,21.8,0.0,0.0,1.7
2018-09-03,4,2018-09-03 04:00:00+02:00,Monday,53,0,53,21.6,0.0,0.0,1.7
2018-09-03,5,2018-09-03 05:00:00+02:00,Monday,62,0,62,24.6,0.0,0.0,1.7
2018-09-03,6,2018-09-03 06:00:00+02:00,Monday,101,1,102,24.1,0.0,0.0,1.7
2018-09-03,7,2018-09-03 07:00:00+02:00,Monday,485,1,486,22.9,0.0,0.0,1.7
2018-09-03,8,2018-09-03 08:00:00+02:00,Monday,1136,3,1139,20.9,0.0,0.0,1.7
2018-09-03,9,2018-09-03 09:00:00+02:00,Monday,828,2,830,22.0,0.0,0.0,1.7
2018-09-03,10,2018-09-03 10:00:00+02:00,Monday,421,6,427,25.0,0.0,0.0,1.7
2018-09-03,11,2018-09-03 11:00:00+02:00,Monday,416,8,424,25.6,0.0,0.0,1.7
2018-09-03,12,2018-09-03 12:00:00+02:00,Monday,437,12,449,27.6,0.0,0.0,1.7
2018-09-03,13,2018-09-03 13:00:00+02:00,Monday,579,17,596,30.7,0.0,0.0,1.7
2018-09-03,14,2018-09-03 14:00:00+02:00,Monday,856,17,873,31.7,0.0,0.0,1.7
2018-09-03,15,2018-09-03 15:00:00+02:00,Monday,953,12,965,31.1,0.0,0.0,1.7
2018-09-03,16,2018-09-03 16:00:00+02:00,Monday,745,12,757,33.6,0.0,0.0,1.7
2018-09-03,17,2018-09-03 17:00:00+02:00,Monday,804,20,824,33.6,0.0,0.0,1.7
2018-09-03,18,2018-09-03 18:00:00+02:00,Monday,1123,15,1138,33.1,0.0,0.0,1.7
2018-09-03,19,2018-09-03 19:00:00+02:00,Monday,1129,20,1149,31.6,0.0,0.0,1.7
2018-09-03,20,2018-09-03 20:00:00+02:00,Monday,974,13,987,29.7,0.0,0.0,1.7
2018-09-03,21,2018-09-03 21:00:00+02:00,Monday,752,4,756,27.5,0.0,0.0,1.7
2018-09-03,22,2018-09-03 22:00:00+02:00,Monday,501,3,504,25.9,0.0,0.0,1.7
2018-09-03,23,2018-09-03 23:00:00+02:00,Monday,395,2,397,23.9,0.0,0.0,1.7
2018-09-04,0,2018-09-04 00:00:00+02:00,Tuesday,351,14,365,24.3,0.0,0.0,1.1
2018-09-04,1,2018-09-04 01:00:00+02:00,Tuesday,212,18,230,22.4,0.0,0.0,1.1
2018-09-04,2,2018-09-04 02:00:00+02:00,Tuesday,129,3,132,22.7,0.0,0.0,1.1
2018-09-04,3,2018-09-04 03:00:00+02:00,Tuesday,75,2,77,20.1,0.0,0.0,1.1
2018-09-04,4,2018-09-04 04:00:00+02:00,Tuesday,50,0,50,21.0,0.0,0.0,1.1
2018-09-04,5,2018-09-04 05:00:00+02:00,Tuesday,51,0,51,20.1,0.0,0.0,1.1
2018-09-04,6,2018-09-04 06:00:00+02:00,Tuesday,111,1,112,17.8,0.0,0.0,1.1
2018-09-04,7,2018-09-04 07:00:00+02:00,Tuesday,525,2,527,17.0,0.0,0.0,1.1
2018-09-04,8,2018-09-04 08:00:00+02:00,Tuesday,1215,1,1216,16.7,0.0,0.0,1.1
2018-09-04,9,2018-09-04 09:00:00+02:00,Tuesday,911,0,911,18.6,0.0,0.0,1.1
2018-09-04,10,2018-09-04 10:00:00+02:00,Tuesday,471,4,475,22.6,0.0,0.0,1.1
2018-09-04,11,2018-09-04 11:00:00+02:00,Tuesday,449,6,455,24.0,0.0,0.0,1.1
2018-09-04,12,2018-09-04 12:00:00+02:00,Tuesday,460,12,472,,,,
2018-09-04,13,2018-09-04 13:00:00+02:00,Tuesday,656,13,669,26.1,0.0,0.0,1.1
2018-09-04,14,2018-09-04 14:00:00+02:00,Tuesday,929,8,937,29.8,0.0,0.0,1.1
2018-09-04,15,2018-09-04 15:00:00+02:00,Tuesday,1022,12,1034,29.4,0.0,0.0,1.1
2018-09-04,16,2018-09-04 16:00:00+02:00,Tuesday,784,14,798,30.6,0.0,0.0,1.1
2018-09-04,17,2018-09-04 17:00:00+02:00,Tuesday,866,12,878,29.7,0.0,0.0,1.1
2018-09-04,18,2018-09-04 18:00:00+02:00,Tuesday,1232,13,1245,30.7,0.0,0.0,1.1
2018-09-04,19,2018-09-04 19:00:00+02:00,Tuesday,1255,8,1263,29.6,0.0,0.0,1.1
2018-09-04,20,2018-09-04 20:00:00+02:00,Tuesday,1116,14,1130,28.1,0.0,0.0,1.1
2018-09-04,21,2018-09-04 21:00:00+02:00,Tuesday,766,9,775,25.6,0.0,0.0,1.1
2018-09-04,22,2018-09-04 22:00:00+02:00,Tuesday,539,5,544,23.0,0.0,0.0,1.1
2018-09-04,23,2018-09-04 23:00:00+02:00,Tuesday,460,4,464,22.0,0.0,0.0,1.1
2018-09-05,0,2018-09-05 00:00:00+02:00,Wednesday,432,9,441,21.1,0.0,0.0,2.35
2018-09-05,1,2018-09-05 01:00:00+02:00,Wednesday,219,1,220,20.7,0.0,0.0,2.35
2018-09-05,2,2018-09-05 02:00:00+02:00,Wednesday,146,0,146,19.9,0.0,0.0,2.35
2018-09-05,3,2018-09-05 03:00:00+02:00,Wednesday,94,0,94,19.6,0.0,0.0,2.35
2018-09-05,4,2018-09-05 04:00:00+02:00,Wednesday,54,0,54,17.9,0.0,0.0,2.35
2018-09-05,5,2018-09-05 05:00:00+02:00,Wednesday,51,1,52,16.9,0.0,0.0,2.35
2018-09-05,6,2018-09-05 06:00:00+02:00,Wednesday,116,0,116,16.6,0.0,0.0,2.35
2018-09-05,7,2018-09-05 07:00:00+02:00,Wednesday,536,0,536,16.9,0.0,0.0,2.35
2018-09-05,8,2018-09-05 08:00:00+02:00,Wednesday,1198,3,1201,16.5,0.0,0.0,2.35
2018-09-05,9,2018-09-05 09:00:00+02:00,Wednesday,968,3,971,18.4,0.0,0.0,2.35
2018-09-05,10,2018-09-05 10:00:00+02:00,Wednesday,500,5,505,20.2,0.0,0.0,2.35
2018-09-05,11,2018-09-05 11:00:00+02:00,Wednesday,471,11,482,24.7,0.0,0.0,2.35
2018-09-05,12,2018-09-05 12:00:00+02:00,Wednesday,492,8,500,25.7,0.0,0.0,2.35
2018-09-05,13,2018-09-05 13:00:00+02:00,Wednesday,622,13,635,27.6,0.0,0.0,2.35
2018-09-05,14,2018-09-05 14:00:00+02:00,Wednesday,924,9,933,26.8,0.0,0.0,2.35
2018-09-05,15,2018-09-05 15:00:00+02:00,Wednesday,1029,12,1041,28.1,0.0,0.0,2.35
2018-09-05,16,2018-09-05 16:00:00+02:00,Wednesday,803,8,811,28.8,0.0,0.0,2.35
2018-09-05,17,2018-09-05 17:00:00+02:00,Wednesday,854,11,865,28.5,0.0,0.0,2.35
2018-09-05,18,2018-09-05 18:00:00+02:00,Wednesday,1182,14,1196,28.6,0.0,0.0,2.35
2018-09-05,19,2018-09-05 19:00:00+02:00,Wednesday,1254,5,1259,27.5,0.0,0.0,2.35
2018-09-05,20,2018-09-05 20:00:00+02:00,Wednesday,1086,15,1101,25.7,0.0,0.0,2.35
2018-09-05,21,2018-09-05 21:00:00+02:00,Wednesday,823,6,829,23.6,0.0,0.0,2.35
2018-09-05,22,2018-09-05 22:00:00+02:00,Wednesday,472,6,478,22.3,0.0,0.0,2.35
2018-09-05,23,2018-09-05 23:00:00+02:00,Wednesday,536,5,541,21.1,0.0,0.0,2.35
2018-09-06,0,2018-09-06 00:00:00+02:00,Thursday,439,11,450,19.3,0.0,0.0,1.0
2018-09-06,1,2018-09-06 01:00:00+02:00,Thursday,243,0,243,18.2,0.0,0.0,1.0
2018-09-06,2,2018-09-06 02:00:00+02:00,Thursday,141,2,143,17.9,0.0,0.0,1.0
2018-09-06,3,2018-09-06 03:00:00+02:00,Thursday,79,0,79,16.7,0.0,0.0,1.0
2018-09-06,4,2018-09-06 04:00:00+02:00,Thursday,52,0,52,16.3,0.0,0.0,1.0
2018-09-06,5,2018-09-06 05:00:00+02:00,Thursday,55,0,55,16.8,0.0,0.0,1.0
2018-09-06,6,2018-09-06 06:00:00+02:00,Thursday,120,1,121,16.4,0.0,0.0,1.0
2018-09-06,7,2018-09-06 07:00:00+02:00,Thursday,520,0,520,16.6,0.0,0.0,1.0
2018-09-06,8,2018-09-06 08:00:00+02:00,Thursday,1194,3,1197,16.5,0.0,0.0,1.0
2018-09-06,9,2018-09-06 09:00:00+02:00,Thursday,973,3,976,17.6,0.0,0.0,1.0
2018-09-06,10,2018-09-06 10:00:00+02:00,Thursday,525,2,527,19.7,0.0,0.0,1.0
2018-09-06,11,2018-09-06 11:00:00+02:00,Thursday,485,10,495,23.8,0.0,0.0,1.0
2018-09-06,12,2018-09-06 12:00:00+02:00,Thursday,516,12,528,24.6,0.0,0.0,1.0
2018-09-06,13,2018-09-06 13:00:00+02:00,Thursday,622,11,633,24.9,0.0,0.0,1.0
2018-09-06,14,2018-09-06 14:00:00+02:00,Thursday,962,13,975,25.1,0.0,0.0,1.0
2018-09-06,15,2018-09-06 15:00:00+02:00,Thursday,1030,4,1034,27.1,0.0,0.0,1.0
2018-09-06,16,2018-09-06 16:00:00+02:00,Thursday,803,7,810,25.4,0.0,0.0,1.0
2018-09-06,17,2018-09-06 17:00:00+02:00,Thursday,860,10,870,27.3,0.0,0.0,1.0
2018-09-06,18,2018-09-06 18:00:00+02:00,Thursday,1214,9,1223,27.7,0.0,0.0,1.0
2018-09-06,19,2018-09-06 19:00:00+02:00,Thursday,1316,19,1335,25.9,0.0,0.0,1.0
2018-09-06,20,2018-09-06 20:00:00+02:00,Thursday,1095,9,1104,24.6,0.0,0.0,1.0
2018-09-06,21,2018-09-06 21:00:00+02:00,Thursday,825,4,829,23.3,0.0,0.0,1.0
2018-09-06,22,2018-09-06 22:00:00+02:00,Thursday,521,6,527,22.0,0.0,0.0,1.0
2018-09-06,23,2018-09-06 23:00:00+02:00,Thursday,539,6,545,21.3,0.0,0.0,1.0
2018-09-07,0,2018-09-07 00:00:00+02:00,Friday,495,5,500,21.0,0.0,0.0,2.5
2018-09-07,1,2018-09-07 01:00:00+02:00,Friday,266,0,266,20.0,0.0,0.0,2.5
2018-09-07,2,2018-09-07 02:00:00+02:00,Friday,199,2,201,19.0,0.0,0.0,2.5
2018-09-07,3,2018-09-07 03:00:00+02:00,Friday,116,1,117,18.3,0.0,0.0,2.5
2018-09-07,4,2018-09-07 04:00:00+02:00,Friday,79,1,80,17.6,0.0,0.0,2.5
2018-09-07,5,2018-09-07 05:00:00+02:00,Friday,68,3,71,17.1,0.0,0.0,2.5
2018-09-07,6,2018-09-07 06:00:00+02:00,Friday,103,0,103,16.9,0.0,0.0,2.5
2018-09-07,7,2018-09-07 07:00:00+02:00,Friday,523,0,523,16.7,0.0,0.0,2.5
2018-09-07,8,2018-09-07 08:00:00+02:00,Friday,1042,3,1045,16.5,0.0,0.0,2.5
2018-09-07,9,2018-09-07 09:00:00+02:00,Friday,865,5,870,17.6,0.0,0.0,2.5
2018-09-07,10,2018-09-07 10:00:00+02:00,Friday,497,1,498,19.8,0.0,0.0,2.5
2018-09-07,11,2018-09-07 11:00:00+02:00,Friday,457,15,472,22.3,0.0,0.0,2.5
2018-09-07,12,2018-09-07 12:00:00+02:00,Friday,538,13,551,23.7,0.0,0.0,2.5
2018-09-07,13,2018-09-07 13:00:00+02:00,Friday,602,20,622,25.2,0.0,0.0,2.5
2018-09-07,14,2018-09-07 14:00:00+02:00,Friday,1093,9,1102,26.3,0.0,0.0,2.5
2018-09-07,15,2018-09-07 15:00:00+02:00,Friday,1200,8,1208,29.1,0.0,0.0,2.5
2018-09-07,16,2018-09-07 16:00:00+02:00,Friday,837,14,851,29.5,0.0,0.0,2.5
2018-09-07,17,2018-09-07 17:00:00+02:00,Friday,793,21,814,28.5,0.0,0.0,2.5
2018-09-07,18,2018-09-07 18:00:00+02:00,Friday,811,18,829,27.8,0.0,0.0,2.5
2018-09-07,19,2018-09-07 19:00:00+02:00,Friday,742,5,747,28.0,0.0,0.0,2.5
2018-09-07,20,2018-09-07 20:00:00+02:00,Friday,487,3,490,25.9,0.0,0.0,2.5
2018-09-07,21,2018-09-07 21:00:00+02:00,Friday,621,5,626,18.3,0.5,1.0,2.5
2018-09-07,22,2018-09-07 22:00:00+02:00,Friday,484,9,493,20.9,0.0,0.0,2.5
2018-09-07,23,2018-09-07 23:00:00+02:00,Friday,380,6,386,20.5,0.0,0.0,2.5
2018-09-08,0,2018-09-08 00:00:00+02:00,Saturday,482,5,487,20.6,0.0,0.0,1.55
2018-09-08,1,2018-09-08 01:00:00+02:00,Saturday,427,6,433,20.2,0.0,0.0,1.55
2018-09-08,2,2018-09-08 02:00:00+02:00,Saturday,385,2,387,19.5,0.0,0.0,1.55
2018-09-08,3,2018-09-08 03:00:00+02:00,Saturday,284,1,285,18.7,0.0,0.0,1.55
2018-09-08,4,2018-09-08 04:00:00+02:00,Saturday,207,1,208,18.8,0.0,0.0,1.55
2018-09-08,5,2018-09-08 05:00:00+02:00,Saturday,177,3,180,18.4,0.0,0.0,1.55
2018-09-08,6,2018-09-08 06:00:00+02:00,Saturday,132,4,136,18.3,0.0,0.0,1.55
2018-09-08,7,2018-09-08 07:00:00+02:00,Saturday,95,0,95,17.8,0.0,0.0,1.55
2018-09-08,8,2018-09-08 08:00:00+02:00,Saturday,134,0,134,17.7,0.0,0.0,1.55
2018-09-08,9,2018-09-08 09:00:00+02:00,Saturday,181,0,181,18.3,0.0,0.0,1.55
2018-09-08,10,2018-09-08 10:00:00+02:00,Saturday,295,11,306,20.0,0.0,0.0,1.55
2018-09-08,11,2018-09-08 11:00:00+02:00,Saturday,362,9,371,19.8,0.0,0.0,1.55
2018-09-08,12,2018-09-08 12:00:00+02:00,Saturday,210,11,221,20.1,0.0,0.0,1.55
2018-09-08,13,2018-09-08 13:00:00+02:00,Saturday,263,4,267,20.5,0.5,1.0,1.55
2018-09-08,14,2018-09-08 14:00:00+02:00,Saturday,353,11,364,20.7,0.2,1.0,1.55
2018-09-08,15,2018-09-08 15:00:00+02:00,Saturday,373,11,384,21.9,0.4,1.0,1.55
2018-09-08,16,2018-09-08 16:00:00+02:00,Saturday,441,15,456,21.4,0.0,0.0,1.55
2018-09-08,17,2018-09-08 17:00:00+02:00,Saturday,383,13,396,20.7,0.3,1.0,1.55
2018-09-08,18,2018-09-08 18:00:00+02:00,Saturday,475,21,496,20.0,0.3,1.0,1.55
2018-09-08,19,2018-09-08 19:00:00+02:00,Saturday,671,24,695,20.0,0.0,0.0,1.55
2018-09-08,20,2018-09-08 20:00:00+02:00,Saturday,624,8,632,20.1,0.0,0.0,1.55
2018-09-08,21,2018-09-08 21:00:00+02:00,Saturday,603,10,613,18.5,0.0,0.0,1.55
2018-09-08,22,2018-09-08 22:00:00+02:00,Saturday,414,9,423,17.6,0.0,0.0,1.55
2018-09-08,23,2018-09-08 23:00:00+02:00,Saturday,343,14,357,16.8,0.0,0.0,1.55
2018-09-09,0,2018-09-09 00:00:00+02:00,Sunday,437,10,447,16.3,0.0,0.0,0.7
2018-09-09,1,2018-09-09 01:00:00+02:00,Sunday,445,12,457,15.4,0.0,0.0,0.7
2018-09-09,2,2018-09-09 02:00:00+02:00,Sunday,379,2,381,15.1,0.0,0.0,0.7
2018-09-09,3,2018-09-09 03:00:00+02:00,Sunday,330,8,338,15.1,0.0,0.0,0.7
2018-09-09,4,2018-09-09 04:00:00+02:00,Sunday,196,2,198,14.3,0.0,0.0,0.7
2018-09-09,5,2018-09-09 05:00:00+02:00,Sunday,170,3,173,14.2,0.0,0.0,0.7
2018-09-09,6,2018-09-09 06:00:00+02:00,Sunday,147,0,147,14.4,0.0,0.0,0.7
2018-09-09,7,2018-09-09 07:00:00+02:00,Sunday,88,1,89,13.5,0.0,0.0,0.7
2018-09-09,8,2018-09-09 08:00:00+02:00,Sunday,114,2,116,13.1,0.0,0.0,0.7
2018-09-09,9,2018-09-09 09:00:00+02:00,Sunday,160,3,163,15.3,0.0,0.0,0.7
2018-09-09,10,2018-09-09 10:00:00+02:00,Sunday,258,10,268,20.0,0.0,0.0,0.7
2018-09-09,11,2018-09-09 11:00:00+02:00,Sunday,379,29,408,20.8,0.0,0.0,0.7
2018-09-09,12,2018-09-09 12:00:00+02:00,Sunday,484,45,529,23.5,0.0,0.0,0.7
2018-09-09,13,2018-09-09 13:00:00+02:00,Sunday,549,43,592,24.5,0.0,0.0,0.7
2018-09-09,14,2018-09-09 14:00:00+02:00,Sunday,554,40,594,26.4,0.0,0.0,0.7
2018-09-09,15,2018-09-09 15:00:00+02:00,Sunday,379,57,436,27.9,0.0,0.0,0.7
2018-09-09,16,2018-09-09 16:00:00+02:00,Sunday,537,50,587,27.8,0.0,0.0,0.7
2018-09-09,17,2018-09-09 17:00:00+02:00,Sunday,645,42,687,28.4,0.0,0.0,0.7
2018-09-09,18,2018-09-09 18:00:00+02:00,Sunday,645,39,684,28.7,0.0,0.0,0.7
2018-09-09,19,2018-09-09 19:00:00+02:00,Sunday,658,33,691,28.0,0.0,0.0,0.7
2018-09-09,20,2018-09-09 20:00:00+02:00,Sunday,672,17,689,25.8,0.0,0.0,0.7
2018-09-09,21,2018-09-09 21:00:00+02:00,Sunday,585,24,609,23.5,0.0,0.0,0.7
2018-09-09,22,2018-09-09 22:00:00+02:00,Sunday,448,7,455,21.8,0.0,0.0,0.7
2018-09-09,23,2018-09-09 23:00:00+02:00,Sunday,383,23,406,22.5,0.0,0.0,0.7
2018-09-10,0,2018-09-10 00:00:00+02:00,Monday,370,4,374,22.7,0.0,0.0,1.8
2018-09-10,1,2018-09-10 01:00:00+02:00,Monday,200,5,205,21.7,0.0,0.0,1.8
2018-09-10,2,2018-09-10 02:00:00+02:00,Monday,107,3,110,21.0,0.0,0.0,1.8
2018-09-10,3,2018-09-10 03:00:00+02:00,Monday,62,2,64,19.4,0.0,0.0,1.8
2018-09-10,4,2018-09-10 04:00:00+02:00,Monday,59,1,60,18.2,0.0,0.0,1.8
2018-09-10,5,2018-09-10 05:00:00+02:00,Monday,58,1,59,16.3,0.0,0.0,1.8
2018-09-10,6,2018-09-10 06:00:00+02:00,Monday,105,1,106,15.3,0.0,0.0,1.8
2018-09-10,7,2018-09-10 07:00:00+02:00,Monday,496,0,496,16.0,0.0,0.0,1.8
2018-09-10,8,2018-09-10 08:00:00+02:00,Monday,1145,3,1148,15.4,0.0,0.0,1.8
2018-09-10,9,2018-09-10 09:00:00+02:00,Monday,936,10,946,17.2,0.0,0.0,1.8
2018-09-10,10,2018-09-10 10:00:00+02:00,Monday,474,3,477,21.6,0.0,0.0,1.8
2018-09-10,11,2018-09-10 11:00:00+02:00,Monday,418,17,435,23.1,0.0,0.0,1.8
2018-09-10,12,2018-09-10 12:00:00+02:00,Monday,448,19,467,25.2,0.0,0.0,1.8
2018-09-10,13,2018-09-10 13:00:00+02:00,Monday,595,4,599,26.1,0.0,0.0,1.8
2018-09-10,14,2018-09-10 14:00:00+02:00,Monday,971,14,985,26.7,0.0,0.0,1.8
2018-09-10,15,2018-09-10 15:00:00+02:00,Monday,1038,12,1050,26.5,0.0,0.0,1.8
2018-09-10,16,2018-09-10 16:00:00+02:00,Monday,849,15,864,28.6,0.0,0.0,1.8
2018-09-10,17,2018-09-10 17:00:00+02:00,Monday,850,25,875,28.1,0.0,0.0,1.8
2018-09-10,18,2018-09-10 18:00:00+02:00,Monday,1207,21,1228,26.8,0.0,0.0,1.8
2018-09-10,19,2018-09-10 19:00:00+02:00,Monday,1265,15,1280,26.1,0.0,0.0,1.8
2018-09-10,20,2018-09-10 20:00:00+02:00,Monday,1025,13,1038,26.1,0.0,0.0,1.8
2018-09-10,21,2018-09-10 21:00:00+02:00,Monday,773,9,782,24.6,0.0,0.0,1.8
2018-09-10,22,2018-09-10 22:00:00+02:00,Monday,506,2,508,22.8,0.0,0.0,1.8
2018-09-10,23,2018-09-10 23:00:00+02:00,Monday,330,1,331,21.9,0.0,0.0,1.8
2018-09-11,0,2018-09-11 00:00:00+02:00,Tuesday,315,1,316,20.3,0.0,0.0,1.8
2018-09-11,1,2018-09-11 01:00:00+02:00,Tuesday,182,0,182,19.1,0.0,0.0,1.8
2018-09-11,2,2018-09-11 02:00:00+02:00,Tuesday,101,2,103,18.5,0.0,0.0,1.8
2018-09-11,3,2018-09-11 03:00:00+02:00,Tuesday,60,2,62,18.3,0.0,0.0,1.8
2018-09-11,4,2018-09-11 04:00:00+02:00,Tuesday,39,0,39,17.3,0.0,0.0,1.8
2018-09-11,5,2018-09-11 05:00:00+02:00,Tuesday,49,0,49,16.3,0.0,0.0,1.8
2018-09-11,6,2018-09-11 06:00:00+02:00,Tuesday,121,0,121,15.6,0.0,0.0,1.8
2018-09-11,7,2018-09-11 07:00:00+02:00,Tuesday,551,0,551,15.0,0.0,0.0,1.8
2018-09-11,8,2018-09-11 08:00:00+02:00,Tuesday,1259,8,1267,15.1,0.0,0.0,1.8
2018-09-11,9,2018-09-11 09:00:00+02:00,Tuesday,1015,1,1016,16.1,0.0,0.0,1.8
2018-09-11,10,2018-09-11 10:00:00+02:00,Tuesday,547,4,551,22.0,0.0,0.0,1.8
2018-09-11,11,2018-09-11 11:00:00+02:00,Tuesday,507,19,526,24.0,0.0,0.0,1.8
2018-09-11,12,2018-09-11 12:00:00+02:00,Tuesday,470,9,479,24.9,0.0,0.0,1.8
2018-09-11,13,2018-09-11 13:00:00+02:00,Tuesday,675,6,681,26.2,0.0,0.0,1.8
2018-09-11,14,2018-09-11 14:00:00+02:00,Tuesday,1038,7,1045,27.1,0.0,0.0,1.8
2018-09-11,15,2018-09-11 15:00:00+02:00,Tuesday,1019,15,1034,27.4,0.0,0.0,1.8
2018-09-11,16,2018-09-11 16:00:00+02:00,Tuesday,832,15,847,28.9,0.0,0.0,1.8
2018-09-11,17,2018-09-11 17:00:00+02:00,Tuesday,934,11,945,29.1,0.0,0.0,1.8
2018-09-11,18,2018-09-11 18:00:00+02:00,Tuesday,1320,14,1334,28.1,0.0,0.0,1.8
2018-09-11,19,2018-09-11 19:00:00+02:00,Tuesday,1334,12,1346,27.6,0.0,0.0,1.8
2018-09-11,20,2018-09-11 20:00:00+02:00,Tuesday,1085,12,1097,26.7,0.0,0.0,1.8
2018-09-11,21,2018-09-11 21:00:00+02:00,Tuesday,867,7,874,24.1,0.0,0.0,1.8
2018-09-11,22,2018-09-11 22:00:00+02:00,Tuesday,604,7,611,22.9,0.0,0.0,1.8
2018-09-11,23,2018-09-11 23:00:00+02:00,Tuesday,490,5,495,22.4,0.0,0.0,1.8
2018-09-12,0,2018-09-12 00:00:00+02:00,Wednesday,354,1,355,21.5,0.0,0.0,0.45
2018-09-12,1,2018-09-12 01:00:00+02:00,Wednesday,209,4,213,20.5,0.0,0.0,0.45
2018-09-12,2,2018-09-12 02:00:00+02:00,Wednesday,115,3,118,20.2,0.0,0.0,0.45
2018-09-12,3,2018-09-12 03:00:00+02:00,Wednesday,69,0,69,20.6,0.0,0.0,0.45
2018-09-12,4,2018-09-12 04:00:00+02:00,Wednesday,41,1,42,19.7,0.0,0.0,0.45
2018-09-12,5,2018-09-12 05:00:00+02:00,Wednesday,58,2,60,18.3,0.0,0.0,0.45
2018-09-12,6,2018-09-12 06:00:00+02:00,Wednesday,115,0,115,17.4,0.0,0.0,0.45
2018-09-12,7,2018-09-12 07:00:00+02:00,Wednesday,555,0,555,16.9,0.0,0.0,0.45
2018-09-12,8,2018-09-12 08:00:00+02:00,Wednesday,1292,9,1301,16.9,0.0,0.0,0.45
2018-09-12,9,2018-09-12 09:00:00+02:00,Wednesday,1084,2,1086,18.6,0.0,0.0,0.45
2018-09-12,10,2018-09-12 10:00:00+02:00,Wednesday,572,1,573,21.5,0.0,0.0,0.45
2018-09-12,11,2018-09-12 11:00:00+02:00,Wednesday,468,7,475,23.6,0.0,0.0,0.45
2018-09-12,12,2018-09-12 12:00:00+02:00,Wednesday,507,5,512,24.8,0.0,0.0,0.45
2018-09-12,13,2018-09-12 13:00:00+02:00,Wednesday,700,16,716,25.9,0.0,0.0,0.45
2018-09-12,14,2018-09-12 14:00:00+02:00,Wednesday,1070,9,1079,27.7,0.0,0.0,0.45
2018-09-12,15,2018-09-12 15:00:00+02:00,Wednesday,1096,12,1108,28.7,0.0,0.0,0.45
2018-09-12,16,2018-09-12 16:00:00+02:00,Wednesday,856,9,865,30.2,0.0,0.0,0.45
2018-09-12,17,2018-09-12 17:00:00+02:00,Wednesday,960,6,966,28.7,0.0,0.0,0.45
2018-09-12,18,2018-09-12 18:00:00+02:00,Wednesday,1332,17,1349,30.9,0.0,0.0,0.45
2018-09-12,19,2018-09-12 19:00:00+02:00,Wednesday,1331,16,1347,29.4,0.0,0.0,0.45
2018-09-12,20,2018-09-12 20:00:00+02:00,Wednesday,1164,12,1176,28.4,0.0,0.0,0.45
2018-09-12,21,2018-09-12 21:00:00+02:00,Wednesday,900,11,911,24.4,0.0,0.0,0.45
2018-09-12,22,2018-09-12 22:00:00+02:00,Wednesday,580,2,582,22.4,0.0,0.0,0.45
2018-09-12,23,2018-09-12 23:00:00+02:00,Wednesday,517,2,519,21.9,0.0,0.0,0.45
2018-09-13,0,2018-09-13 00:00:00+02:00,Thursday,473,3,476,21.2,0.0,0.0,0.7
2018-09-13,1,2018-09-13 01:00:00+02:00,Thursday,251,0,251,20.3,0.0,0.0,0.7
2018-09-13,2,2018-09-13 02:00:00+02:00,Thursday,154,0,154,19.1,0.0,0.0,0.7
2018-09-13,3,2018-09-13 03:00:00+02:00,Thursday,106,3,109,18.7,0.0,0.0,0.7
2018-09-13,4,2018-09-13 04:00:00+02:00,Thursday,39,0,39,18.7,0.0,0.0,0.7
2018-09-13,5,2018-09-13 05:00:00+02:00,Thursday,60,0,60,18.1,0.0,0.0,0.7
2018-09-13,6,2018-09-13 06:00:00+02:00,Thursday,109,1,110,16.9,0.0,0.0,0.7
2018-09-13,7,2018-09-13 07:00:00+02:00,Thursday,544,3,547,16.0,0.0,0.0,0.7
2018-09-13,8,2018-09-13 08:00:00+02:00,Thursday,1276,3,1279,15.6,0.0,0.0,0.7
2018-09-13,9,2018-09-13 09:00:00+02:00,Thursday,1014,4,1018,17.3,0.0,0.0,0.7
2018-09-13,10,2018-09-13 10:00:00+02:00,Thursday,538,4,542,22.3,0.0,0.0,0.7
2018-09-13,11,2018-09-13 11:00:00+02:00,Thursday,510,12,522,25.3,0.0,0.0,0.7
2018-09-13,12,2018-09-13 12:00:00+02:00,Thursday,524,18,542,26.7,0.0,0.0,0.7
2018-09-13,13,2018-09-13 13:00:00+02:00,Thursday,701,11,712,28.6,0.0,0.0,0.7
2018-09-13,14,2018-09-13 14:00:00+02:00,Thursday,1016,17,1033,30.9,0.0,0.0,0.7
2018-09-13,15,2018-09-13 15:00:00+02:00,Thursday,1034,20,1054,31.9,0.0,0.0,0.7
2018-09-13,16,2018-09-13 16:00:00+02:00,Thursday,916,12,928,32.4,0.0,0.0,0.7
2018-09-13,17,2018-09-13 17:00:00+02:00,Thursday,961,26,987,32.4,0.0,0.0,0.7
2018-09-13,18,2018-09-13 18:00:00+02:00,Thursday,1284,12,1296,31.9,0.0,0.0,0.7
2018-09-13,19,2018-09-13 19:00:00+02:00,Thursday,1322,15,1337,30.9,0.0,0.0,0.7
2018-09-13,20,2018-09-13 20:00:00+02:00,Thursday,1198,10,1208,30.1,0.0,0.0,0.7
2018-09-13,21,2018-09-13 21:00:00+02:00,Thursday,891,13,904,27.4,0.0,0.0,0.7
2018-09-13,22,2018-09-13 22:00:00+02:00,Thursday,621,3,624,25.2,0.0,0.0,0.7
2018-09-13,23,2018-09-13 23:00:00+02:00,Thursday,550,6,556,23.2,0.0,0.0,0.7
2018-09-14,0,2018-09-14 00:00:00+02:00,Friday,567,7,574,25.6,0.0,0.0,1.0
2018-09-14,1,2018-09-14 01:00:00+02:00,Friday,335,9,344,25.2,0.0,0.0,1.0
2018-09-14,2,2018-09-14 02:00:00+02:00,Friday,194,8,202,24.1,0.0,0.0,1.0
2018-09-14,3,2018-09-14 03:00:00+02:00,Friday,128,1,129,21.5,0.0,0.0,1.0
2018-09-14,4,2018-09-14 04:00:00+02:00,Friday,90,3,93,19.3,0.0,0.0,1.0
2018-09-14,5,2018-09-14 05:00:00+02:00,Friday,90,2,92,19.4,0.0,0.0,1.0
2018-09-14,6,2018-09-14 06:00:00+02:00,Friday,114,1,115,19.3,0.0,0.0,1.0
2018-09-14,7,2018-09-14 07:00:00+02:00,Friday,554,1,555,18.7,0.0,0.0,1.0
2018-09-14,8,2018-09-14 08:00:00+02:00,Friday,1237,6,1243,18.2,0.0,0.0,1.0
2018-09-14,9,2018-09-14 09:00:00+02:00,Friday,969,3,972,20.5,0.0,0.0,1.0
2018-09-14,10,2018-09-14 10:00:00+02:00,Friday,535,8,543,23.6,0.0,0.0,1.0
2018-09-14,11,2018-09-14 11:00:00+02:00,Friday,490,10,500,24.4,0.0,0.0,1.0
2018-09-14,12,2018-09-14 12:00:00+02:00,Friday,552,25,577,26.7,0.0,0.0,1.0
2018-09-14,13,2018-09-14 13:00:00+02:00,Friday,721,9,730,28.2,0.0,0.0,1.0
2018-09-14,14,2018-09-14 14:00:00+02:00,Friday,1155,21,1176,29.8,0.0,0.0,1.0
2018-09-14,15,2018-09-14 15:00:00+02:00,Friday,1316,20,1336,30.2,0.0,0.0,1.0
2018-09-14,16,2018-09-14 16:00:00+02:00,Friday,881,11,892,32.0,0.0,0.0,1.0
2018-09-14,17,2018-09-14 17:00:00+02:00,Friday,794,19,813,33.4,0.0,0.0,1.0
2018-09-14,18,2018-09-14 18:00:00+02:00,Friday,884,17,901,32.3,0.0,0.0,1.0
2018-09-14,19,2018-09-14 19:00:00+02:00,Friday,976,11,987,30.6,0.0,0.0,1.0
2018-09-14,20,2018-09-14 20:00:00+02:00,Friday,1004,17,1021,29.7,0.0,0.0,1.0
2018-09-14,21,2018-09-14 21:00:00+02:00,Friday,854,14,868,26.6,0.0,0.0,1.0
2018-09-14,22,2018-09-14 22:00:00+02:00,Friday,609,10,619,25.4,0.0,0.0,1.0
2018-09-14,23,2018-09-14 23:00:00+02:00,Friday,470,7,477,24.0,0.0,0.0,1.0
2018-09-15,0,2018-09-15 00:00:00+02:00,Saturday,574,3,577,25.7,0.0,0.0,0.8
2018-09-15,1,2018-09-15 01:00:00+02:00,Saturday,519,9,528,24.8,0.0,0.0,0.8
2018-09-15,2,2018-09-15 02:00:00+02:00,Saturday,444,4,448,23.9,0.0,0.0,0.8
2018-09-15,3,2018-09-15 03:00:00+02:00,Saturday,322,9,331,23.1,0.0,0.0,0.8
2018-09-15,4,2018-09-15 04:00:00+02:00,Saturday,193,0,193,21.9,0.0,0.0,0.8
2018-09-15,5,2018-09-15 05:00:00+02:00,Saturday,163,2,165,20.8,0.0,0.0,0.8
2018-09-15,6,2018-09-15 06:00:00+02:00,Saturday,146,2,148,20.6,0.0,0.0,0.8
2018-09-15,7,2018-09-15 07:00:00+02:00,Saturday,96,0,96,20.1,0.0,0.0,0.8
2018-09-15,8,2018-09-15 08:00:00+02:00,Saturday,158,0,158,19.7,0.0,0.0,0.8
2018-09-15,9,2018-09-15 09:00:00+02:00,Saturday,293,6,299,21.2,0.0,0.0,0.8
2018-09-15,10,2018-09-15 10:00:00+02:00,Saturday,404,9,413,23.3,0.0,0.0,0.8
2018-09-15,11,2018-09-15 11:00:00+02:00,Saturday,489,26,515,25.1,0.0,0.0,0.8
2018-09-15,12,2018-09-15 12:00:00+02:00,Saturday,526,25,551,26.2,0.0,0.0,0.8
2018-09-15,13,2018-09-15 13:00:00+02:00,Saturday,574,16,590,27.2,0.0,0.0,0.8
2018-09-15,14,2018-09-15 14:00:00+02:00,Saturday,665,35,700,27.9,0.0,0.0,0.8
2018-09-15,15,2018-09-15 15:00:00+02:00,Saturday,481,37,518,29.1,0.0,0.0,0.8
2018-09-15,16,2018-09-15 16:00:00+02:00,Saturday,573,35,608,29.4,0.0,0.0,0.8
2018-09-15,17,2018-09-15 17:00:00+02:00,Saturday,616,29,645,29.8,0.0,0.0,0.8
2018-09-15,18,2018-09-15 18:00:00+02:00,Saturday,624,49,673,30.0,0.0,0.0,0.8
2018-09-15,19,2018-09-15 19:00:00+02:00,Saturday,766,41,807,29.6,0.0,0.0,0.8
2018-09-15,20,2018-09-15 20:00:00+02:00,Saturday,842,30,872,28.3,0.0,0.0,0.8
2018-09-15,21,2018-09-15 21:00:00+02:00,Saturday,600,15,615,25.2,0.0,0.0,0.8
2018-09-15,22,2018-09-15 22:00:00+02:00,Saturday,427,4,431,23.8,0.0,0.0,0.8
2018-09-15,23,2018-09-15 23:00:00+02:00,Saturday,460,10,470,22.8,0.0,0.0,0.8
2018-09-16,0,2018-09-16 00:00:00+02:00,Sunday,522,11,533,22.6,0.0,0.0,0.6
2018-09-16,1,2018-09-16 01:00:00+02:00,Sunday,440,3,443,20.5,0.0,0.0,0.6
2018-09-16,2,2018-09-16 02:00:00+02:00,Sunday,430,7,437,19.8,0.0,0.0,0.6
2018-09-16,3,2018-09-16 03:00:00+02:00,Sunday,268,6,274,20.4,0.0,0.0,0.6
2018-09-16,4,2018-09-16 04:00:00+02:00,Sunday,225,1,226,18.6,0.0,0.0,0.6
2018-09-16,5,2018-09-16 05:00:00+02:00,Sunday,174,2,176,17.8,0.0,0.0,0.6
2018-09-16,6,2018-09-16 06:00:00+02:00,Sunday,133,4,137,17.0,0.0,0.0,0.6
2018-09-16,7,2018-09-16 07:00:00+02:00,Sunday,79,1,80,16.0,0.0,0.0,0.6
2018-09-16,8,2018-09-16 08:00:00+02:00,Sunday,106,3,109,15.5,0.0,0.0,0.6
2018-09-16,9,2018-09-16 09:00:00+02:00,Sunday,184,5,189,16.7,0.0,0.0,0.6
2018-09-16,10,2018-09-16 10:00:00+02:00,Sunday,285,16,301,20.0,0.0,0.0,0.6
2018-09-16,11,2018-09-16 11:00:00+02:00,Sunday,449,10,459,22.6,0.0,0.0,0.6
2018-09-16,12,2018-09-16 12:00:00+02:00,Sunday,509,8,517,24.8,0.0,0.0,0.6
2018-09-16,13,2018-09-16 13:00:00+02:00,Sunday,631,10,641,26.7,0.0,0.0,0.6
2018-09-16,14,2018-09-16 14:00:00+02:00,Sunday,606,13,619,27.4,0.0,0.0,0.6
2018-09-16,15,2018-09-16 15:00:00+02:00,Sunday,467,6,473,29.1,0.0,0.0,0.6
2018-09-16,16,2018-09-16 16:00:00+02:00,Sunday,555,10,565,30.0,0.0,0.0,0.6
2018-09-16,17,2018-09-16 17:00:00+02:00,Sunday,634,10,644,31.8,0.0,0.0,0.6
2018-09-16,18,2018-09-16 18:00:00+02:00,Sunday,659,5,664,30.7,0.0,0.0,0.6
2018-09-16,19,2018-09-16 19:00:00+02:00,Sunday,782,9,791,29.9,0.0,0.0,0.6
2018-09-16,20,2018-09-16 20:00:00+02:00,Sunday,722,2,724,27.9,0.0,0.0,0.6
2018-09-16,21,2018-09-16 21:00:00+02:00,Sunday,596,2,598,24.5,0.0,0.0,0.6
2018-09-16,22,2018-09-16 22:00:00+02:00,Sunday,472,3,475,23.0,0.0,0.0,0.6
2018-09-16,23,2018-09-16 23:00:00+02:00,Sunday,359,2,361,22.1,0.0,0.0,0.6
2018-09-17,0,2018-09-17 00:00:00+02:00,Monday,327,2,329,20.8,0.0,0.0,1.65
2018-09-17,1,2018-09-17 01:00:00+02:00,Monday,179,1,180,20.4,0.0,0.0,1.65
2018-09-17,2,2018-09-17 02:00:00+02:00,Monday,109,0,109,19.6,0.0,0.0,1.65
2018-09-17,3,2018-09-17 03:00:00+02:00,Monday,61,0,61,18.4,0.0,0.0,1.65
2018-09-17,4,2018-09-17 04:00:00+02:00,Monday,53,0,53,21.6,0.0,0.0,1.65
2018-09-17,5,2018-09-17 05:00:00+02:00,Monday,59,0,59,18.8,0.0,0.0,1.65
2018-09-17,6,2018-09-17 06:00:00+02:00,Monday,114,0,114,19.7,0.0,0.0,1.65
2018-09-17,7,2018-09-17 07:00:00+02:00,Monday,493,1,494,19.2,0.0,0.0,1.65
2018-09-17,8,2018-09-17 08:00:00+02:00,Monday,1192,2,1194,18.7,0.0,0.0,1.65
2018-09-17,9,2018-09-17 09:00:00+02:00,Monday,965,2,967,20.8,0.0,0.0,1.65
2018-09-17,10,2018-09-17 10:00:00+02:00,Monday,465,1,466,23.6,0.0,0.0,1.65
2018-09-17,11,2018-09-17 11:00:00+02:00,Monday,405,1,406,24.8,0.0,0.0,1.65
2018-09-17,12,2018-09-17 12:00:00+02:00,Monday,452,2,454,25.8,0.0,0.0,1.65
2018-09-17,13,2018-09-17 13:00:00+02:00,Monday,655,2,657,26.7,0.0,0.0,1.65
2018-09-17,14,2018-09-17 14:00:00+02:00,Monday,1010,1,1011,28.2,0.0,0.0,1.65
2018-09-17,15,2018-09-17 15:00:00+02:00,Monday,939,2,941,29.6,0.0,0.0,1.65
2018-09-17,16,2018-09-17 16:00:00+02:00,Monday,762,4,766,30.9,0.0,0.0,1.65
2018-09-17,17,2018-09-17 17:00:00+02:00,Monday,881,4,885,30.4,0.0,0.0,1.65
2018-09-17,18,2018-09-17 18:00:00+02:00,Monday,1313,7,1320,31.0,0.0,0.0,1.65
2018-09-17,19,2018-09-17 19:00:00+02:00,Monday,1224,4,1228,28.8,0.0,0.0,1.65
2018-09-17,20,2018-09-17 20:00:00+02:00,Monday,905,5,910,25.6,0.0,0.0,1.65
2018-09-17,21,2018-09-17 21:00:00+02:00,Monday,672,1,673,25.6,0.0,0.0,1.65
2018-09-17,22,2018-09-17 22:00:00+02:00,Monday,451,0,451,24.4,0.0,0.0,1.65
2018-09-17,23,2018-09-17 23:00:00+02:00,Monday,226,0,226,23.4,0.0,0.0,1.65
2018-09-18,0,2018-09-18 00:00:00+02:00,Tuesday,233,0,233,21.9,0.0,0.0,1.1
2018-09-18,1,2018-09-18 01:00:00+02:00,Tuesday,143,0,143,20.4,0.0,0.0,1.1
2018-09-18,2,2018-09-18 02:00:00+02:00,Tuesday,68,0,68,19.5,0.0,0.0,1.1
2018-09-18,3,2018-09-18 03:00:00+02:00,Tuesday,55,0,55,19.0,0.0,0.0,1.1
2018-09-18,4,2018-09-18 04:00:00+02:00,Tuesday,34,0,34,18.3,0.0,0.0,1.1
2018-09-18,5,2018-09-18 05:00:00+02:00,Tuesday,40,0,40,18.1,0.0,0.0,1.1
2018-09-18,6,2018-09-18 06:00:00+02:00,Tuesday,138,0,138,18.7,0.0,0.0,1.1
2018-09-18,7,2018-09-18 07:00:00+02:00,Tuesday,545,0,545,18.1,0.0,0.0,1.1
2018-09-18,8,2018-09-18 08:00:00+02:00,Tuesday,1284,1,1285,17.1,0.0,0.0,1.1
2018-09-18,9,2018-09-18 09:00:00+02:00,Tuesday,1078,0,1078,17.2,0.0,0.0,1.1
2018-09-18,10,2018-09-18 10:00:00+02:00,Tuesday,515,0,515,21.8,0.0,0.0,1.1
2018-09-18,11,2018-09-18 11:00:00+02:00,Tuesday,446,2,448,22.2,0.0,0.0,1.1
2018-09-18,12,2018-09-18 12:00:00+02:00,Tuesday,499,0,499,24.3,0.0,0.0,1.1
2018-09-18,13,2018-09-18 13:00:00+02:00,Tuesday,701,1,702,26.0,0.0,0.0,1.1
2018-09-18,14,2018-09-18 14:00:00+02:00,Tuesday,1011,3,1014,27.2,0.0,0.0,1.1
2018-09-18,15,2018-09-18 15:00:00+02:00,Tuesday,973,2,975,28.1,0.0,0.0,1.1
2018-09-18,16,2018-09-18 16:00:00+02:00,Tuesday,800,3,803,28.5,0.0,0.0,1.1
2018-09-18,17,2018-09-18 17:00:00+02:00,Tuesday,889,0,889,27.6,0.0,0.0,1.1
2018-09-18,18,2018-09-18 18:00:00+02:00,Tuesday,1237,0,1237,25.1,0.0,0.0,1.1
2018-09-18,19,2018-09-18 19:00:00+02:00,Tuesday,1241,0,1241,24.9,0.0,0.0,1.1
2018-09-18,20,2018-09-18 20:00:00+02:00,Tuesday,1071,1,1072,24.8,0.0,0.0,1.1
2018-09-18,21,2018-09-18 21:00:00+02:00,Tuesday,766,0,766,22.1,0.0,0.0,1.1
2018-09-18,22,2018-09-18 22:00:00+02:00,Tuesday,503,0,503,20.8,0.0,0.0,1.1
2018-09-18,23,2018-09-18 23:00:00+02:00,Tuesday,509,1,510,22.0,0.0,0.0,1.1
2018-09-19,0,2018-09-19 00:00:00+02:00,Wednesday,384,4,388,22.2,0.0,0.0,0.7
2018-09-19,1,2018-09-19 01:00:00+02:00,Wednesday,201,3,204,19.5,0.0,0.0,0.7
2018-09-19,2,2018-09-19 02:00:00+02:00,Wednesday,129,6,135,18.8,0.0,0.0,0.7
2018-09-19,3,2018-09-19 03:00:00+02:00,Wednesday,59,4,63,17.6,0.0,0.0,0.7
2018-09-19,4,2018-09-19 04:00:00+02:00,Wednesday,45,2,47,17.2,0.0,0.0,0.7
2018-09-19,5,2018-09-19 05:00:00+02:00,Wednesday,53,0,53,16.8,0.0,0.0,0.7
2018-09-19,6,2018-09-19 06:00:00+02:00,Wednesday,123,1,124,16.9,0.0,0.0,0.7
2018-09-19,7,2018-09-19 07:00:00+02:00,Wednesday,559,0,559,15.8,0.0,0.0,0.7
2018-09-19,8,2018-09-19 08:00:00+02:00,Wednesday,1321,2,1323,15.4,0.0,0.0,0.7
2018-09-19,9,2018-09-19 09:00:00+02:00,Wednesday,1127,2,1129,16.9,0.0,0.0,0.7
2018-09-19,10,2018-09-19 10:00:00+02:00,Wednesday,566,4,570,21.4,0.0,0.0,0.7
2018-09-19,11,2018-09-19 11:00:00+02:00,Wednesday,462,5,467,23.7,0.0,0.0,0.7
2018-09-19,12,2018-09-19 12:00:00+02:00,Wednesday,539,6,545,25.9,0.0,0.0,0.7
2018-09-19,13,2018-09-19 13:00:00+02:00,Wednesday,686,10,696,27.5,0.0,0.0,0.7
2018-09-19,14,2018-09-19 14:00:00+02:00,Wednesday,1007,9,1016,28.8,0.0,0.0,0.7
2018-09-19,15,2018-09-19 15:00:00+02:00,Wednesday,1005,6,1011,29.5,0.0,0.0,0.7
2018-09-19,16,2018-09-19 16:00:00+02:00,Wednesday,857,8,865,30.8,0.0,0.0,0.7
2018-09-19,17,2018-09-19 17:00:00+02:00,Wednesday,988,13,1001,30.7,0.0,0.0,0.7
2018-09-19,18,2018-09-19 18:00:00+02:00,Wednesday,1400,11,1411,31.2,0.0,0.0,0.7
2018-09-19,19,2018-09-19 19:00:00+02:00,Wednesday,1392,17,1409,29.9,0.0,0.0,0.7
2018-09-19,20,2018-09-19 20:00:00+02:00,Wednesday,1211,10,1221,28.5,0.0,0.0,0.7
2018-09-19,21,2018-09-19 21:00:00+02:00,Wednesday,859,8,867,24.7,0.0,0.0,0.7
2018-09-19,22,2018-09-19 22:00:00+02:00,Wednesday,597,1,598,22.8,0.0,0.0,0.7
2018-09-19,23,2018-09-19 23:00:00+02:00,Wednesday,583,3,586,21.7,0.0,0.0,0.7
2018-09-20,0,2018-09-20 00:00:00+02:00,Thursday,470,4,474,20.8,0.0,0.0,1.1
2018-09-20,1,2018-09-20 01:00:00+02:00,Thursday,252,4,256,20.0,0.0,0.0,1.1
2018-09-20,2,2018-09-20 02:00:00+02:00,Thursday,157,1,158,19.5,0.0,0.0,1.1
2018-09-20,3,2018-09-20 03:00:00+02:00,Thursday,78,0,78,18.4,0.0,0.0,1.1
2018-09-20,4,2018-09-20 04:00:00+02:00,Thursday,55,2,57,17.9,0.0,0.0,1.1
2018-09-20,5,2018-09-20 05:00:00+02:00,Thursday,42,0,42,16.8,0.0,0.0,1.1
2018-09-20,6,2018-09-20 06:00:00+02:00,Thursday,126,1,127,17.0,0.0,0.0,1.1
2018-09-20,7,2018-09-20 07:00:00+02:00,Thursday,531,1,532,16.7,0.0,0.0,1.1
2018-09-20,8,2018-09-20 08:00:00+02:00,Thursday,1309,4,1313,16.3,0.0,0.0,1.1
2018-09-20,9,2018-09-20 09:00:00+02:00,Thursday,1117,5,1122,17.6,0.0,0.0,1.1
2018-09-20,10,2018-09-20 10:00:00+02:00,Thursday,555,6,561,22.6,0.0,0.0,1.1
2018-09-20,11,2018-09-20 11:00:00+02:00,Thursday,488,9,497,24.9,0.0,0.0,1.1
2018-09-20,12,2018-09-20 12:00:00+02:00,Thursday,539,13,552,27.0,0.0,0.0,1.1
2018-09-20,13,2018-09-20 13:00:00+02:00,Thursday,695,19,714,27.7,0.0,0.0,1.1
2018-09-20,14,2018-09-20 14:00:00+02:00,Thursday,1066,18,1084,29.9,0.0,0.0,1.1
2018-09-20,15,2018-09-20 15:00:00+02:00,Thursday,979,9,988,30.4,0.0,0.0,1.1
2018-09-20,16,2018-09-20 16:00:00+02:00,Thursday,908,14,922,32.0,0.0,0.0,1.1
2018-09-20,17,2018-09-20 17:00:00+02:00,Thursday,940,20,960,32.2,0.0,0.0,1.1
2018-09-20,18,2018-09-20 18:00:00+02:00,Thursday,1414,14,1428,32.7,0.0,0.0,1.1
2018-09-20,19,2018-09-20 19:00:00+02:00,Thursday,1402,16,1418,30.4,0.0,0.0,1.1
2018-09-20,20,2018-09-20 20:00:00+02:00,Thursday,1239,11,1250,27.7,0.0,0.0,1.1
2018-09-20,21,2018-09-20 21:00:00+02:00,Thursday,843,10,853,25.1,0.0,0.0,1.1
2018-09-20,22,2018-09-20 22:00:00+02:00,Thursday,615,10,625,23.2,0.0,0.0,1.1
2018-09-20,23,2018-09-20 23:00:00+02:00,Thursday,547,4,551,22.4,0.0,0.0,1.1
2018-09-21,0,2018-09-21 00:00:00+02:00,Friday,570,4,574,21.3,0.0,0.0,1.25
2018-09-21,1,2018-09-21 01:00:00+02:00,Friday,340,6,346,20.0,0.0,0.0,1.25
2018-09-21,2,2018-09-21 02:00:00+02:00,Friday,177,4,181,18.8,0.0,0.0,1.25
2018-09-21,3,2018-09-21 03:00:00+02:00,Friday,114,1,115,18.8,0.0,0.0,1.25
2018-09-21,4,2018-09-21 04:00:00+02:00,Friday,104,2,106,18.2,0.0,0.0,1.25
2018-09-21,5,2018-09-21 05:00:00+02:00,Friday,76,3,79,17.8,0.0,0.0,1.25
2018-09-21,6,2018-09-21 06:00:00+02:00,Friday,131,1,132,16.6,0.0,0.0,1.25
2018-09-21,7,2018-09-21 07:00:00+02:00,Friday,534,2,536,16.6,0.0,0.0,1.25
2018-09-21,8,2018-09-21 08:00:00+02:00,Friday,1223,3,1226,16.8,0.0,0.0,1.25
2018-09-21,9,2018-09-21 09:00:00+02:00,Friday,1006,3,1009,17.7,0.0,0.0,1.25
2018-09-21,10,2018-09-21 10:00:00+02:00,Friday,502,4,506,23.1,0.0,0.0,1.25
2018-09-21,11,2018-09-21 11:00:00+02:00,Friday,449,15,464,25.2,0.0,0.0,1.25
2018-09-21,12,2018-09-21 12:00:00+02:00,Friday,536,21,557,27.7,0.0,0.0,1.25
2018-09-21,13,2018-09-21 13:00:00+02:00,Friday,621,13,634,28.8,0.0,0.0,1.25
2018-09-21,14,2018-09-21 14:00:00+02:00,Friday,1200,13,1213,29.9,0.0,0.0,1.25
2018-09-21,15,2018-09-21 15:00:00+02:00,Friday,1271,16,1287,31.1,0.0,0.0,1.25
2018-09-21,16,2018-09-21 16:00:00+02:00,Friday,844,10,854,32.3,0.0,0.0,1.25
2018-09-21,17,2018-09-21 17:00:00+02:00,Friday,878,14,892,32.6,0.0,0.0,1.25
2018-09-21,18,2018-09-21 18:00:00+02:00,Friday,865,19,884,32.9,0.0,0.0,1.25
2018-09-21,19,2018-09-21 19:00:00+02:00,Friday,1026,14,1040,30.7,0.0,0.0,1.25
2018-09-21,20,2018-09-21 20:00:00+02:00,Friday,998,15,1013,29.1,0.0,0.0,1.25
2018-09-21,21,2018-09-21 21:00:00+02:00,Friday,790,5,795,25.4,0.0,0.0,1.25
2018-09-21,22,2018-09-21 22:00:00+02:00,Friday,653,2,655,24.6,0.0,0.0,1.25
2018-09-21,23,2018-09-21 23:00:00+02:00,Friday,515,4,519,25.6,0.0,0.0,1.25
2018-09-22,0,2018-09-22 00:00:00+02:00,Saturday,595,10,605,24.1,0.0,0.0,1.25
2018-09-22,1,2018-09-22 01:00:00+02:00,Saturday,550,5,555,21.6,0.0,0.0,1.25
2018-09-22,2,2018-09-22 02:00:00+02:00,Saturday,477,4,481,19.8,0.0,0.0,1.25
2018-09-22,3,2018-09-22 03:00:00+02:00,Saturday,365,2,367,18.5,0.0,0.0,1.25
2018-09-22,4,2018-09-22 04:00:00+02:00,Saturday,226,3,229,17.4,0.0,0.0,1.25
2018-09-22,5,2018-09-22 05:00:00+02:00,Saturday,183,2,185,17.0,0.0,0.0,1.25
2018-09-22,6,2018-09-22 06:00:00+02:00,Saturday,139,0,139,17.0,0.0,0.0,1.25
2018-09-22,7,2018-09-22 07:00:00+02:00,Saturday,90,0,90,17.2,0.0,0.0,1.25
2018-09-22,8,2018-09-22 08:00:00+02:00,Saturday,148,1,149,16.5,0.0,0.0,1.25
2018-09-22,9,2018-09-22 09:00:00+02:00,Saturday,320,11,331,18.4,0.0,0.0,1.25
2018-09-22,10,2018-09-22 10:00:00+02:00,Saturday,351,12,363,22.8,0.0,0.0,1.25
2018-09-22,11,2018-09-22 11:00:00+02:00,Saturday,486,23,509,25.6,0.0,0.0,1.25
2018-09-22,12,2018-09-22 12:00:00+02:00,Saturday,549,23,572,28.1,0.0,0.0,1.25
2018-09-22,13,2018-09-22 13:00:00+02:00,Saturday,641,39,680,29.9,0.0,0.0,1.25
2018-09-22,14,2018-09-22 14:00:00+02:00,Saturday,642,28,670,31.5,0.0,0.0,1.25
2018-09-22,15,2018-09-22 15:00:00+02:00,Saturday,469,19,488,32.6,0.0,0.0,1.25
2018-09-22,16,2018-09-22 16:00:00+02:00,Saturday,541,33,574,33.4,0.0,0.0,1.25
2018-09-22,17,2018-09-22 17:00:00+02:00,Saturday,656,31,687,33.4,0.0,0.0,1.25
2018-09-22,18,2018-09-22 18:00:00+02:00,Saturday,632,32,664,33.4,0.0,0.0,1.25
2018-09-22,19,2018-09-22 19:00:00+02:00,Saturday,686,36,722,31.7,0.0,0.0,1.25
2018-09-22,20,2018-09-22 20:00:00+02:00,Saturday,818,23,841,29.7,0.0,0.0,1.25
2018-09-22,21,2018-09-22 21:00:00+02:00,Saturday,633,18,651,25.4,0.0,0.0,1.25
2018-09-22,22,2018-09-22 22:00:00+02:00,Saturday,581,17,598,24.0,0.0,0.0,1.25
2018-09-22,23,2018-09-22 23:00:00+02:00,Saturday,468,17,485,22.5,0.0,0.0,1.25
2018-09-23,0,2018-09-23 00:00:00+02:00,Sunday,576,11,587,21.2,0.0,0.0,1.25
2018-09-23,1,2018-09-23 01:00:00+02:00,Sunday,512,10,522,24.5,0.0,0.0,1.25
2018-09-23,2,2018-09-23 02:00:00+02:00,Sunday,440,9,449,25.2,0.0,0.0,1.25
2018-09-23,3,2018-09-23 03:00:00+02:00,Sunday,327,6,333,19.7,0.0,0.0,1.25
2018-09-23,4,2018-09-23 04:00:00+02:00,Sunday,219,2,221,18.4,0.0,0.0,1.25
2018-09-23,5,2018-09-23 05:00:00+02:00,Sunday,146,3,149,17.5,0.0,0.0,1.25
2018-09-23,6,2018-09-23 06:00:00+02:00,Sunday,118,0,118,16.8,0.0,0.0,1.25
2018-09-23,7,2018-09-23 07:00:00+02:00,Sunday,93,1,94,16.6,0.0,0.0,1.25
2018-09-23,8,2018-09-23 08:00:00+02:00,Sunday,167,1,168,16.5,0.0,0.0,1.25
2018-09-23,9,2018-09-23 09:00:00+02:00,Sunday,191,2,193,17.9,0.0,0.0,1.25
2018-09-23,10,2018-09-23 10:00:00+02:00,Sunday,352,19,371,22.1,0.0,0.0,1.25
2018-09-23,11,2018-09-23 11:00:00+02:00,Sunday,438,30,468,26.4,0.0,0.0,1.25
2018-09-23,12,2018-09-23 12:00:00+02:00,Sunday,555,59,614,28.4,0.0,0.0,1.25
2018-09-23,13,2018-09-23 13:00:00+02:00,Sunday,613,45,658,30.5,0.0,0.0,1.25
2018-09-23,14,2018-09-23 14:00:00+02:00,Sunday,609,40,649,32.1,0.0,0.0,1.25
2018-09-23,15,2018-09-23 15:00:00+02:00,Sunday,456,22,478,33.1,0.0,0.0,1.25
2018-09-23,16,2018-09-23 16:00:00+02:00,Sunday,568,31,599,33.4,0.0,0.0,1.25
2018-09-23,17,2018-09-23 17:00:00+02:00,Sunday,661,29,690,34.7,0.0,0.0,1.25
2018-09-23,18,2018-09-23 18:00:00+02:00,Sunday,700,27,727,35.0,0.0,0.0,1.25
2018-09-23,19,2018-09-23 19:00:00+02:00,Sunday,727,26,753,33.6,0.0,0.0,1.25
2018-09-23,20,2018-09-23 20:00:00+02:00,Sunday,766,20,786,30.5,0.0,0.0,1.25
2018-09-23,21,2018-09-23 21:00:00+02:00,Sunday,648,8,656,26.1,0.0,0.0,1.25
2018-09-23,22,2018-09-23 22:00:00+02:00,Sunday,532,4,536,25.9,0.0,0.0,1.25
2018-09-23,23,2018-09-23 23:00:00+02:00,Sunday,433,14,447,24.7,0.0,0.0,1.25
2018-09-24,0,2018-09-24 00:00:00+02:00,Monday,341,1,342,25.2,0.0,0.0,1.8
2018-09-24,1,2018-09-24 01:00:00+02:00,Monday,165,1,166,25.4,0.0,0.0,1.8
2018-09-24,2,2018-09-24 02:00:00+02:00,Monday,118,0,118,24.2,0.0,0.0,1.8
2018-09-24,3,2018-09-24 03:00:00+02:00,Monday,48,0,48,23.1,0.0,0.0,1.8
2018-09-24,4,2018-09-24 04:00:00+02:00,Monday,43,0,43,21.3,0.0,0.0,1.8
2018-09-24,5,2018-09-24 05:00:00+02:00,Monday,55,0,55,21.0,0.0,0.0,1.8
2018-09-24,6,2018-09-24 06:00:00+02:00,Monday,122,1,123,20.6,0.0,0.0,1.8
2018-09-24,7,2018-09-24 07:00:00+02:00,Monday,502,2,504,20.2,0.0,0.0,1.8
2018-09-24,8,2018-09-24 08:00:00+02:00,Monday,1250,3,1253,19.7,0.0,0.0,1.8
2018-09-24,9,2018-09-24 09:00:00+02:00,Monday,928,8,936,20.4,0.0,0.0,1.8
2018-09-24,10,2018-09-24 10:00:00+02:00,Monday,437,6,443,23.2,0.0,0.0,1.8
2018-09-24,11,2018-09-24 11:00:00+02:00,Monday,409,14,423,24.7,0.0,0.0,1.8
2018-09-24,12,2018-09-24 12:00:00+02:00,Monday,457,16,473,26.8,0.0,0.0,1.8
2018-09-24,13,2018-09-24 13:00:00+02:00,Monday,614,15,629,28.5,0.0,0.0,1.8
2018-09-24,14,2018-09-24 14:00:00+02:00,Monday,1032,26,1058,30.2,0.0,0.0,1.8
2018-09-24,15,2018-09-24 15:00:00+02:00,Monday,939,15,954,31.7,0.0,0.0,1.8
2018-09-24,16,2018-09-24 16:00:00+02:00,Monday,783,18,801,32.3,0.0,0.0,1.8
2018-09-24,17,2018-09-24 17:00:00+02:00,Monday,902,15,917,32.3,0.0,0.0,1.8
2018-09-24,18,2018-09-24 18:00:00+02:00,Monday,1371,9,1380,33.0,0.0,0.0,1.8
2018-09-24,19,2018-09-24 19:00:00+02:00,Monday,1239,16,1255,32.1,0.0,0.0,1.8
2018-09-24,20,2018-09-24 20:00:00+02:00,Monday,1019,6,1025,29.6,0.0,0.0,1.8
2018-09-24,21,2018-09-24 21:00:00+02:00,Monday,761,9,770,27.8,0.0,0.0,1.8
2018-09-24,22,2018-09-24 22:00:00+02:00,Monday,456,8,464,26.4,0.0,0.0,1.8
2018-09-24,23,2018-09-24 23:00:00+02:00,Monday,402,6,408,25.4,0.0,0.0,1.8
2018-09-25,0,2018-09-25 00:00:00+02:00,Tuesday,298,5,303,24.7,0.0,0.0,1.65
2018-09-25,1,2018-09-25 01:00:00+02:00,Tuesday,188,3,191,22.1,0.0,0.0,1.65
2018-09-25,2,2018-09-25 02:00:00+02:00,Tuesday,85,0,85,20.2,0.0,0.0,1.65
2018-09-25,3,2018-09-25 03:00:00+02:00,Tuesday,57,0,57,20.0,0.0,0.0,1.65
2018-09-25,4,2018-09-25 04:00:00+02:00,Tuesday,37,0,37,19.9,0.0,0.0,1.65
2018-09-25,5,2018-09-25 05:00:00+02:00,Tuesday,40,1,41,19.1,0.0,0.0,1.65
2018-09-25,6,2018-09-25 06:00:00+02:00,Tuesday,119,2,121,18.2,0.0,0.0,1.65
2018-09-25,7,2018-09-25 07:00:00+02:00,Tuesday,587,2,589,17.2,0.0,0.0,1.65
2018-09-25,8,2018-09-25 08:00:00+02:00,Tuesday,1330,4,1334,16.2,0.0,0.0,1.65
2018-09-25,9,2018-09-25 09:00:00+02:00,Tuesday,1101,6,1107,17.5,0.0,0.0,1.65
2018-09-25,10,2018-09-25 10:00:00+02:00,Tuesday,504,3,507,20.7,0.0,0.0,1.65
2018-09-25,11,2018-09-25 11:00:00+02:00,Tuesday,479,6,485,21.7,0.0,0.0,1.65
2018-09-25,12,2018-09-25 12:00:00+02:00,Tuesday,497,11,508,24.3,0.0,0.0,1.65
2018-09-25,13,2018-09-25 13:00:00+02:00,Tuesday,683,16,699,25.3,0.0,0.0,1.65
2018-09-25,14,2018-09-25 14:00:00+02:00,Tuesday,1000,11,1011,26.8,0.0,0.0,1.65
2018-09-25,15,2018-09-25 15:00:00+02:00,Tuesday,973,17,990,28.5,0.0,0.0,1.65
2018-09-25,16,2018-09-25 16:00:00+02:00,Tuesday,862,14,876,30.2,0.0,0.0,1.65
2018-09-25,17,2018-09-25 17:00:00+02:00,Tuesday,963,10,973,31.1,0.0,0.0,1.65
2018-09-25,18,2018-09-25 18:00:00+02:00,Tuesday,1368,13,1381,31.2,0.0,0.0,1.65
2018-09-25,19,2018-09-25 19:00:00+02:00,Tuesday,1356,10,1366,30.1,0.0,0.0,1.65
2018-09-25,20,2018-09-25 20:00:00+02:00,Tuesday,1111,12,1123,27.4,0.0,0.0,1.65
2018-09-25,21,2018-09-25 21:00:00+02:00,Tuesday,857,6,863,24.4,0.0,0.0,1.65
2018-09-25,22,2018-09-25 22:00:00+02:00,Tuesday,536,5,541,23.4,0.0,0.0,1.65
2018-09-25,23,2018-09-25 23:00:00+02:00,Tuesday,505,1,506,24.7,0.0,0.0,1.65
2018-09-26,0,2018-09-26 00:00:00+02:00,Wednesday,404,5,409,23.1,0.0,0.0,1.95
2018-09-26,1,2018-09-26 01:00:00+02:00,Wednesday,222,0,222,21.7,0.0,0.0,1.95
2018-09-26,2,2018-09-26 02:00:00+02:00,Wednesday,114,0,114,21.0,0.0,0.0,1.95
2018-09-26,3,2018-09-26 03:00:00+02:00,Wednesday,67,0,67,20.5,0.0,0.0,1.95
2018-09-26,4,2018-09-26 04:00:00+02:00,Wednesday,45,0,45,20.3,0.0,0.0,1.95
2018-09-26,5,2018-09-26 05:00:00+02:00,Wednesday,63,0,63,20.2,0.0,0.0,1.95
2018-09-26,6,2018-09-26 06:00:00+02:00,Wednesday,115,1,116,20.3,0.0,0.0,1.95
2018-09-26,7,2018-09-26 07:00:00+02:00,Wednesday,575,1,576,20.2,0.0,0.0,1.95
2018-09-26,8,2018-09-26 08:00:00+02:00,Wednesday,1287,5,1292,20.3,0.0,0.0,1.95
2018-09-26,9,2018-09-26 09:00:00+02:00,Wednesday,1045,3,1048,20.0,0.0,0.0,1.95
2018-09-26,10,2018-09-26 10:00:00+02:00,Wednesday,497,5,502,20.2,0.0,0.0,1.95
2018-09-26,11,2018-09-26 11:00:00+02:00,Wednesday,461,9,470,20.4,0.0,0.0,1.95
2018-09-26,12,2018-09-26 12:00:00+02:00,Wednesday,511,8,519,21.8,0.0,0.0,1.95
2018-09-26,13,2018-09-26 13:00:00+02:00,Wednesday,646,7,653,22.7,0.0,0.0,1.95
2018-09-26,14,2018-09-26 14:00:00+02:00,Wednesday,1020,19,1039,23.9,0.0,0.0,1.95
2018-09-26,15,2018-09-26 15:00:00+02:00,Wednesday,977,13,990,24.1,0.0,0.0,1.95
2018-09-26,16,2018-09-26 16:00:00+02:00,Wednesday,887,12,899,25.6,0.0,0.0,1.95
2018-09-26,17,2018-09-26 17:00:00+02:00,Wednesday,922,7,929,27.0,0.0,0.0,1.95
2018-09-26,18,2018-09-26 18:00:00+02:00,Wednesday,1363,15,1378,27.3,0.0,0.0,1.95
2018-09-26,19,2018-09-26 19:00:00+02:00,Wednesday,1116,4,1120,25.6,0.0,0.0,1.95
2018-09-26,20,2018-09-26 20:00:00+02:00,Wednesday,928,13,941,23.8,0.0,0.0,1.95
2018-09-26,21,2018-09-26 21:00:00+02:00,Wednesday,816,5,821,22.8,0.0,0.0,1.95
2018-09-26,22,2018-09-26 22:00:00+02:00,Wednesday,479,5,484,21.6,0.0,0.0,1.95
2018-09-26,23,2018-09-26 23:00:00+02:00,Wednesday,430,5,435,21.1,0.0,0.0,1.95
2018-09-27,0,2018-09-27 00:00:00+02:00,Thursday,445,4,449,20.2,0.0,0.0,0.7
2018-09-27,1,2018-09-27 01:00:00+02:00,Thursday,212,1,213,19.2,0.0,0.0,0.7
2018-09-27,2,2018-09-27 02:00:00+02:00,Thursday,120,0,120,19.4,0.0,0.0,0.7
2018-09-27,3,2018-09-27 03:00:00+02:00,Thursday,87,0,87,18.7,0.0,0.0,0.7
2018-09-27,4,2018-09-27 04:00:00+02:00,Thursday,50,1,51,18.5,0.0,0.0,0.7
2018-09-27,5,2018-09-27 05:00:00+02:00,Thursday,64,0,64,17.8,0.0,0.0,0.7
2018-09-27,6,2018-09-27 06:00:00+02:00,Thursday,117,1,118,16.3,0.0,0.0,0.7
2018-09-27,7,2018-09-27 07:00:00+02:00,Thursday,569,1,570,15.2,0.0,0.0,0.7
2018-09-27,8,2018-09-27 08:00:00+02:00,Thursday,1318,6,1324,14.5,0.0,0.0,0.7
2018-09-27,9,2018-09-27 09:00:00+02:00,Thursday,1023,4,1027,15.3,0.0,0.0,0.7
2018-09-27,10,2018-09-27 10:00:00+02:00,Thursday,533,8,541,19.1,0.0,0.0,0.7
2018-09-27,11,2018-09-27 11:00:00+02:00,Thursday,453,13,466,21.4,0.0,0.0,0.7
2018-09-27,12,2018-09-27 12:00:00+02:00,Thursday,511,11,522,23.3,0.0,0.0,0.7
2018-09-27,13,2018-09-27 13:00:00+02:00,Thursday,680,13,693,24.4,0.0,0.0,0.7
2018-09-27,14,2018-09-27 14:00:00+02:00,Thursday,1055,9,1064,25.7,0.0,0.0,0.7
2018-09-27,15,2018-09-27 15:00:00+02:00,Thursday,965,10,975,26.7,0.0,0.0,0.7
2018-09-27,16,2018-09-27 16:00:00+02:00,Thursday,833,16,849,27.3,0.0,0.0,0.7
2018-09-27,17,2018-09-27 17:00:00+02:00,Thursday,926,13,939,28.3,0.0,0.0,0.7
2018-09-27,18,2018-09-27 18:00:00+02:00,Thursday,1380,16,1396,27.3,0.0,0.0,0.7
2018-09-27,19,2018-09-27 19:00:00+02:00,Thursday,1397,1,1398,26.3,0.0,0.0,0.7
2018-09-27,20,2018-09-27 20:00:00+02:00,Thursday,1150,10,1160,24.8,0.0,0.0,0.7
2018-09-27,21,2018-09-27 21:00:00+02:00,Thursday,848,10,858,21.3,0.0,0.0,0.7
2018-09-27,22,2018-09-27 22:00:00+02:00,Thursday,593,10,603,20.0,0.0,0.0,0.7
2018-09-27,23,2018-09-27 23:00:00+02:00,Thursday,579,8,587,19.1,0.0,0.0,0.7
2018-09-28,0,2018-09-28 00:00:00+02:00,Friday,526,4,530,19.7,0.0,0.0,1.1
2018-09-28,1,2018-09-28 01:00:00+02:00,Friday,344,0,344,21.1,0.0,0.0,1.1
2018-09-28,2,2018-09-28 02:00:00+02:00,Friday,200,0,200,20.3,0.0,0.0,1.1
2018-09-28,3,2018-09-28 03:00:00+02:00,Friday,114,0,114,17.9,0.0,0.0,1.1
2018-09-28,4,2018-09-28 04:00:00+02:00,Friday,60,0,60,16.6,0.0,0.0,1.1
2018-09-28,5,2018-09-28 05:00:00+02:00,Friday,84,0,84,15.5,0.0,0.0,1.1
2018-09-28,6,2018-09-28 06:00:00+02:00,Friday,128,0,128,14.4,0.0,0.0,1.1
2018-09-28,7,2018-09-28 07:00:00+02:00,Friday,570,2,572,13.6,0.0,0.0,1.1
2018-09-28,8,2018-09-28 08:00:00+02:00,Friday,215,0,215,13.1,0.0,0.0,1.1
